Geo_FIPS,Geo_GEOID,Geo_NAME,Geo_QName,Geo_STUSAB,Geo_SUMLEV,Geo_GEOCOMP,Geo_FILEID,Geo_LOGRECNO,Geo_US,Geo_REGION,Geo_DIVISION,Geo_STATECE,Geo_STATE,Geo_COUNTY,Geo_COUSUB,Geo_PLACE,Geo_PLACESE,Geo_TRACT,Geo_BLKGRP,Geo_CONCIT,Geo_AIANHH,Geo_AIANHHFP,Geo_AIHHTLI,Geo_AITSCE,Geo_AITS,Geo_ANRC,Geo_CBSA,Geo_CSA,Geo_METDIV,Geo_MACC,Geo_MEMI,Geo_NECTA,Geo_CNECTA,Geo_NECTADIV,Geo_UA,Geo_UACP,Geo_CDCURR,Geo_SLDU,Geo_SLDL,Geo_VTD,Geo_ZCTA3,Geo_ZCTA5,Geo_SUBMCD,Geo_SDELM,Geo_SDSEC,Geo_SDUNI,Geo_UR,Geo_PCI,Geo_TAZ,Geo_UGA,Geo_BTTR,Geo_BTBG,Geo_PUMA5,Geo_PUMA1,SE_T061_001
"41051000100","14000US41051000100","Census Tract 1, Multnomah County, Oregon","Census Tract 1, Multnomah County, Oregon","or","140","00","ACSSF","0001412",,,,,"41","051",,,,"000100",,,,,,,,,,,,,,,,,,,,,,,,,,,,,,,,,,,,,87727
"41051000200","14000US41051000200","Census Tract 2, Multnomah County, Oregon","Census Tract 2, Multnomah County, Oregon","or","140","00","ACSSF","0001413",,,,,"41","051",,,,"000200",,,,,,,,,,,,,,,,,,,,,,,,,,,,,,,,,,,,,86763
"41051000301","14000US41051000301","Census Tract 3.01, Multnomah County, Oregon","Census Tract 3.01, Multnomah County, Oregon","or","140","00","ACSSF","0001414",,,,,"41","051",,,,"000301",,,,,,,,,,,,,,,,,,,,,,,,,,,,,,,,,,,,,62692
"41051000302","14000US41051000302","Census Tract 3.02, Multnomah County, Oregon","Census Tract 3.02, Multnomah County, Oregon","or","140","00","ACSSF","0001415",,,,,"41","051",,,,"000302",,,,,,,,,,,,,,,,,,,,,,,,,,,,,,,,,,,,,117308
"41051000401","14000US41051000401","Census Tract 4.01, Multnomah County, Oregon","Census Tract 4.01, Multnomah County, Oregon","or","140","00","ACSSF","0001416",,,,,"41","051",,,,"000401",,,,,,,,,,,,,,,,,,,,,,,,,,,,,,,,,,,,,86094
"41051000402","14000US41051000402","Census Tract 4.02, Multnomah County, Oregon","Census Tract 4.02, Multnomah County, Oregon","or","140","00","ACSSF","0001417",,,,,"41","051",,,,"000402",,,,,,,,,,,,,,,,,,,,,,,,,,,,,,,,,,,,,83750
"41051000501","14000US41051000501","Census Tract 5.01, Multnomah County, Oregon","Census Tract 5.01, Multnomah County, Oregon","or","140","00","ACSSF","0001418",,,,,"41","051",,,,"000501",,,,,,,,,,,,,,,,,,,,,,,,,,,,,,,,,,,,,56212
"41051000502","14000US41051000502","Census Tract 5.02, Multnomah County, Oregon","Census Tract 5.02, Multnomah County, Oregon","or","140","00","ACSSF","0001419",,,,,"41","051",,,,"000502",,,,,,,,,,,,,,,,,,,,,,,,,,,,,,,,,,,,,49272
"41051000601","14000US41051000601","Census Tract 6.01, Multnomah County, Oregon","Census Tract 6.01, Multnomah County, Oregon","or","140","00","ACSSF","0001420",,,,,"41","051",,,,"000601",,,,,,,,,,,,,,,,,,,,,,,,,,,,,,,,,,,,,49516
"41051000602","14000US41051000602","Census Tract 6.02, Multnomah County, Oregon","Census Tract 6.02, Multnomah County, Oregon","or","140","00","ACSSF","0001421",,,,,"41","051",,,,"000602",,,,,,,,,,,,,,,,,,,,,,,,,,,,,,,,,,,,,45393
"41051000701","14000US41051000701","Census Tract 7.01, Multnomah County, Oregon","Census Tract 7.01, Multnomah County, Oregon","or","140","00","ACSSF","0001422",,,,,"41","051",,,,"000701",,,,,,,,,,,,,,,,,,,,,,,,,,,,,,,,,,,,,72500
"41051000702","14000US41051000702","Census Tract 7.02, Multnomah County, Oregon","Census Tract 7.02, Multnomah County, Oregon","or","140","00","ACSSF","0001423",,,,,"41","051",,,,"000702",,,,,,,,,,,,,,,,,,,,,,,,,,,,,,,,,,,,,50000
"41051000801","14000US41051000801","Census Tract 8.01, Multnomah County, Oregon","Census Tract 8.01, Multnomah County, Oregon","or","140","00","ACSSF","0001424",,,,,"41","051",,,,"000801",,,,,,,,,,,,,,,,,,,,,,,,,,,,,,,,,,,,,73162
"41051000802","14000US41051000802","Census Tract 8.02, Multnomah County, Oregon","Census Tract 8.02, Multnomah County, Oregon","or","140","00","ACSSF","0001425",,,,,"41","051",,,,"000802",,,,,,,,,,,,,,,,,,,,,,,,,,,,,,,,,,,,,67604
"41051000901","14000US41051000901","Census Tract 9.01, Multnomah County, Oregon","Census Tract 9.01, Multnomah County, Oregon","or","140","00","ACSSF","0001426",,,,,"41","051",,,,"000901",,,,,,,,,,,,,,,,,,,,,,,,,,,,,,,,,,,,,79141
"41051000902","14000US41051000902","Census Tract 9.02, Multnomah County, Oregon","Census Tract 9.02, Multnomah County, Oregon","or","140","00","ACSSF","0001427",,,,,"41","051",,,,"000902",,,,,,,,,,,,,,,,,,,,,,,,,,,,,,,,,,,,,24621
"41051001000","14000US41051001000","Census Tract 10, Multnomah County, Oregon","Census Tract 10, Multnomah County, Oregon","or","140","00","ACSSF","0001428",,,,,"41","051",,,,"001000",,,,,,,,,,,,,,,,,,,,,,,,,,,,,,,,,,,,,72107
"41051001101","14000US41051001101","Census Tract 11.01, Multnomah County, Oregon","Census Tract 11.01, Multnomah County, Oregon","or","140","00","ACSSF","0001429",,,,,"41","051",,,,"001101",,,,,,,,,,,,,,,,,,,,,,,,,,,,,,,,,,,,,61518
"41051001102","14000US41051001102","Census Tract 11.02, Multnomah County, Oregon","Census Tract 11.02, Multnomah County, Oregon","or","140","00","ACSSF","0001430",,,,,"41","051",,,,"001102",,,,,,,,,,,,,,,,,,,,,,,,,,,,,,,,,,,,,97813
"41051001201","14000US41051001201","Census Tract 12.01, Multnomah County, Oregon","Census Tract 12.01, Multnomah County, Oregon","or","140","00","ACSSF","0001431",,,,,"41","051",,,,"001201",,,,,,,,,,,,,,,,,,,,,,,,,,,,,,,,,,,,,51324
"41051001202","14000US41051001202","Census Tract 12.02, Multnomah County, Oregon","Census Tract 12.02, Multnomah County, Oregon","or","140","00","ACSSF","0001432",,,,,"41","051",,,,"001202",,,,,,,,,,,,,,,,,,,,,,,,,,,,,,,,,,,,,122222
"41051001301","14000US41051001301","Census Tract 13.01, Multnomah County, Oregon","Census Tract 13.01, Multnomah County, Oregon","or","140","00","ACSSF","0001433",,,,,"41","051",,,,"001301",,,,,,,,,,,,,,,,,,,,,,,,,,,,,,,,,,,,,89625
"41051001302","14000US41051001302","Census Tract 13.02, Multnomah County, Oregon","Census Tract 13.02, Multnomah County, Oregon","or","140","00","ACSSF","0001434",,,,,"41","051",,,,"001302",,,,,,,,,,,,,,,,,,,,,,,,,,,,,,,,,,,,,94821
"41051001400","14000US41051001400","Census Tract 14, Multnomah County, Oregon","Census Tract 14, Multnomah County, Oregon","or","140","00","ACSSF","0001435",,,,,"41","051",,,,"001400",,,,,,,,,,,,,,,,,,,,,,,,,,,,,,,,,,,,,84375
"41051001500","14000US41051001500","Census Tract 15, Multnomah County, Oregon","Census Tract 15, Multnomah County, Oregon","or","140","00","ACSSF","0001436",,,,,"41","051",,,,"001500",,,,,,,,,,,,,,,,,,,,,,,,,,,,,,,,,,,,,104286
"41051001601","14000US41051001601","Census Tract 16.01, Multnomah County, Oregon","Census Tract 16.01, Multnomah County, Oregon","or","140","00","ACSSF","0001437",,,,,"41","051",,,,"001601",,,,,,,,,,,,,,,,,,,,,,,,,,,,,,,,,,,,,86250
"41051001602","14000US41051001602","Census Tract 16.02, Multnomah County, Oregon","Census Tract 16.02, Multnomah County, Oregon","or","140","00","ACSSF","0001438",,,,,"41","051",,,,"001602",,,,,,,,,,,,,,,,,,,,,,,,,,,,,,,,,,,,,51438
"41051001701","14000US41051001701","Census Tract 17.01, Multnomah County, Oregon","Census Tract 17.01, Multnomah County, Oregon","or","140","00","ACSSF","0001439",,,,,"41","051",,,,"001701",,,,,,,,,,,,,,,,,,,,,,,,,,,,,,,,,,,,,62574
"41051001702","14000US41051001702","Census Tract 17.02, Multnomah County, Oregon","Census Tract 17.02, Multnomah County, Oregon","or","140","00","ACSSF","0001440",,,,,"41","051",,,,"001702",,,,,,,,,,,,,,,,,,,,,,,,,,,,,,,,,,,,,50732
"41051001801","14000US41051001801","Census Tract 18.01, Multnomah County, Oregon","Census Tract 18.01, Multnomah County, Oregon","or","140","00","ACSSF","0001441",,,,,"41","051",,,,"001801",,,,,,,,,,,,,,,,,,,,,,,,,,,,,,,,,,,,,70462
"41051001802","14000US41051001802","Census Tract 18.02, Multnomah County, Oregon","Census Tract 18.02, Multnomah County, Oregon","or","140","00","ACSSF","0001442",,,,,"41","051",,,,"001802",,,,,,,,,,,,,,,,,,,,,,,,,,,,,,,,,,,,,82955
"41051001900","14000US41051001900","Census Tract 19, Multnomah County, Oregon","Census Tract 19, Multnomah County, Oregon","or","140","00","ACSSF","0001443",,,,,"41","051",,,,"001900",,,,,,,,,,,,,,,,,,,,,,,,,,,,,,,,,,,,,139191
"41051002000","14000US41051002000","Census Tract 20, Multnomah County, Oregon","Census Tract 20, Multnomah County, Oregon","or","140","00","ACSSF","0001444",,,,,"41","051",,,,"002000",,,,,,,,,,,,,,,,,,,,,,,,,,,,,,,,,,,,,79194
"41051002100","14000US41051002100","Census Tract 21, Multnomah County, Oregon","Census Tract 21, Multnomah County, Oregon","or","140","00","ACSSF","0001445",,,,,"41","051",,,,"002100",,,,,,,,,,,,,,,,,,,,,,,,,,,,,,,,,,,,,73285
"41051002203","14000US41051002203","Census Tract 22.03, Multnomah County, Oregon","Census Tract 22.03, Multnomah County, Oregon","or","140","00","ACSSF","0001446",,,,,"41","051",,,,"002203",,,,,,,,,,,,,,,,,,,,,,,,,,,,,,,,,,,,,81496
"41051002303","14000US41051002303","Census Tract 23.03, Multnomah County, Oregon","Census Tract 23.03, Multnomah County, Oregon","or","140","00","ACSSF","0001447",,,,,"41","051",,,,"002303",,,,,,,,,,,,,,,,,,,,,,,,,,,,,,,,,,,,,50850
"41051002401","14000US41051002401","Census Tract 24.01, Multnomah County, Oregon","Census Tract 24.01, Multnomah County, Oregon","or","140","00","ACSSF","0001448",,,,,"41","051",,,,"002401",,,,,,,,,,,,,,,,,,,,,,,,,,,,,,,,,,,,,137604
"41051002402","14000US41051002402","Census Tract 24.02, Multnomah County, Oregon","Census Tract 24.02, Multnomah County, Oregon","or","140","00","ACSSF","0001449",,,,,"41","051",,,,"002402",,,,,,,,,,,,,,,,,,,,,,,,,,,,,,,,,,,,,66816
"41051002501","14000US41051002501","Census Tract 25.01, Multnomah County, Oregon","Census Tract 25.01, Multnomah County, Oregon","or","140","00","ACSSF","0001450",,,,,"41","051",,,,"002501",,,,,,,,,,,,,,,,,,,,,,,,,,,,,,,,,,,,,138094
"41051002502","14000US41051002502","Census Tract 25.02, Multnomah County, Oregon","Census Tract 25.02, Multnomah County, Oregon","or","140","00","ACSSF","0001451",,,,,"41","051",,,,"002502",,,,,,,,,,,,,,,,,,,,,,,,,,,,,,,,,,,,,97125
"41051002600","14000US41051002600","Census Tract 26, Multnomah County, Oregon","Census Tract 26, Multnomah County, Oregon","or","140","00","ACSSF","0001452",,,,,"41","051",,,,"002600",,,,,,,,,,,,,,,,,,,,,,,,,,,,,,,,,,,,,110625
"41051002701","14000US41051002701","Census Tract 27.01, Multnomah County, Oregon","Census Tract 27.01, Multnomah County, Oregon","or","140","00","ACSSF","0001453",,,,,"41","051",,,,"002701",,,,,,,,,,,,,,,,,,,,,,,,,,,,,,,,,,,,,128365
"41051002702","14000US41051002702","Census Tract 27.02, Multnomah County, Oregon","Census Tract 27.02, Multnomah County, Oregon","or","140","00","ACSSF","0001454",,,,,"41","051",,,,"002702",,,,,,,,,,,,,,,,,,,,,,,,,,,,,,,,,,,,,82865
"41051002801","14000US41051002801","Census Tract 28.01, Multnomah County, Oregon","Census Tract 28.01, Multnomah County, Oregon","or","140","00","ACSSF","0001455",,,,,"41","051",,,,"002801",,,,,,,,,,,,,,,,,,,,,,,,,,,,,,,,,,,,,91458
"41051002802","14000US41051002802","Census Tract 28.02, Multnomah County, Oregon","Census Tract 28.02, Multnomah County, Oregon","or","140","00","ACSSF","0001456",,,,,"41","051",,,,"002802",,,,,,,,,,,,,,,,,,,,,,,,,,,,,,,,,,,,,79362
"41051002901","14000US41051002901","Census Tract 29.01, Multnomah County, Oregon","Census Tract 29.01, Multnomah County, Oregon","or","140","00","ACSSF","0001457",,,,,"41","051",,,,"002901",,,,,,,,,,,,,,,,,,,,,,,,,,,,,,,,,,,,,71125
"41051002902","14000US41051002902","Census Tract 29.02, Multnomah County, Oregon","Census Tract 29.02, Multnomah County, Oregon","or","140","00","ACSSF","0001458",,,,,"41","051",,,,"002902",,,,,,,,,,,,,,,,,,,,,,,,,,,,,,,,,,,,,72484
"41051002903","14000US41051002903","Census Tract 29.03, Multnomah County, Oregon","Census Tract 29.03, Multnomah County, Oregon","or","140","00","ACSSF","0001459",,,,,"41","051",,,,"002903",,,,,,,,,,,,,,,,,,,,,,,,,,,,,,,,,,,,,60564
"41051003000","14000US41051003000","Census Tract 30, Multnomah County, Oregon","Census Tract 30, Multnomah County, Oregon","or","140","00","ACSSF","0001460",,,,,"41","051",,,,"003000",,,,,,,,,,,,,,,,,,,,,,,,,,,,,,,,,,,,,108347
"41051003100","14000US41051003100","Census Tract 31, Multnomah County, Oregon","Census Tract 31, Multnomah County, Oregon","or","140","00","ACSSF","0001461",,,,,"41","051",,,,"003100",,,,,,,,,,,,,,,,,,,,,,,,,,,,,,,,,,,,,105409
"41051003200","14000US41051003200","Census Tract 32, Multnomah County, Oregon","Census Tract 32, Multnomah County, Oregon","or","140","00","ACSSF","0001462",,,,,"41","051",,,,"003200",,,,,,,,,,,,,,,,,,,,,,,,,,,,,,,,,,,,,114896
"41051003301","14000US41051003301","Census Tract 33.01, Multnomah County, Oregon","Census Tract 33.01, Multnomah County, Oregon","or","140","00","ACSSF","0001463",,,,,"41","051",,,,"003301",,,,,,,,,,,,,,,,,,,,,,,,,,,,,,,,,,,,,69152
"41051003302","14000US41051003302","Census Tract 33.02, Multnomah County, Oregon","Census Tract 33.02, Multnomah County, Oregon","or","140","00","ACSSF","0001464",,,,,"41","051",,,,"003302",,,,,,,,,,,,,,,,,,,,,,,,,,,,,,,,,,,,,86875
"41051003401","14000US41051003401","Census Tract 34.01, Multnomah County, Oregon","Census Tract 34.01, Multnomah County, Oregon","or","140","00","ACSSF","0001465",,,,,"41","051",,,,"003401",,,,,,,,,,,,,,,,,,,,,,,,,,,,,,,,,,,,,60739
"41051003402","14000US41051003402","Census Tract 34.02, Multnomah County, Oregon","Census Tract 34.02, Multnomah County, Oregon","or","140","00","ACSSF","0001466",,,,,"41","051",,,,"003402",,,,,,,,,,,,,,,,,,,,,,,,,,,,,,,,,,,,,66207
"41051003501","14000US41051003501","Census Tract 35.01, Multnomah County, Oregon","Census Tract 35.01, Multnomah County, Oregon","or","140","00","ACSSF","0001467",,,,,"41","051",,,,"003501",,,,,,,,,,,,,,,,,,,,,,,,,,,,,,,,,,,,,75938
"41051003502","14000US41051003502","Census Tract 35.02, Multnomah County, Oregon","Census Tract 35.02, Multnomah County, Oregon","or","140","00","ACSSF","0001468",,,,,"41","051",,,,"003502",,,,,,,,,,,,,,,,,,,,,,,,,,,,,,,,,,,,,106333
"41051003601","14000US41051003601","Census Tract 36.01, Multnomah County, Oregon","Census Tract 36.01, Multnomah County, Oregon","or","140","00","ACSSF","0001469",,,,,"41","051",,,,"003601",,,,,,,,,,,,,,,,,,,,,,,,,,,,,,,,,,,,,66389
"41051003602","14000US41051003602","Census Tract 36.02, Multnomah County, Oregon","Census Tract 36.02, Multnomah County, Oregon","or","140","00","ACSSF","0001470",,,,,"41","051",,,,"003602",,,,,,,,,,,,,,,,,,,,,,,,,,,,,,,,,,,,,74688
"41051003603","14000US41051003603","Census Tract 36.03, Multnomah County, Oregon","Census Tract 36.03, Multnomah County, Oregon","or","140","00","ACSSF","0001471",,,,,"41","051",,,,"003603",,,,,,,,,,,,,,,,,,,,,,,,,,,,,,,,,,,,,69861
"41051003701","14000US41051003701","Census Tract 37.01, Multnomah County, Oregon","Census Tract 37.01, Multnomah County, Oregon","or","140","00","ACSSF","0001472",,,,,"41","051",,,,"003701",,,,,,,,,,,,,,,,,,,,,,,,,,,,,,,,,,,,,65833
"41051003702","14000US41051003702","Census Tract 37.02, Multnomah County, Oregon","Census Tract 37.02, Multnomah County, Oregon","or","140","00","ACSSF","0001473",,,,,"41","051",,,,"003702",,,,,,,,,,,,,,,,,,,,,,,,,,,,,,,,,,,,,90821
"41051003801","14000US41051003801","Census Tract 38.01, Multnomah County, Oregon","Census Tract 38.01, Multnomah County, Oregon","or","140","00","ACSSF","0001474",,,,,"41","051",,,,"003801",,,,,,,,,,,,,,,,,,,,,,,,,,,,,,,,,,,,,52614
"41051003802","14000US41051003802","Census Tract 38.02, Multnomah County, Oregon","Census Tract 38.02, Multnomah County, Oregon","or","140","00","ACSSF","0001475",,,,,"41","051",,,,"003802",,,,,,,,,,,,,,,,,,,,,,,,,,,,,,,,,,,,,63359
"41051003803","14000US41051003803","Census Tract 38.03, Multnomah County, Oregon","Census Tract 38.03, Multnomah County, Oregon","or","140","00","ACSSF","0001476",,,,,"41","051",,,,"003803",,,,,,,,,,,,,,,,,,,,,,,,,,,,,,,,,,,,,73709
"41051003901","14000US41051003901","Census Tract 39.01, Multnomah County, Oregon","Census Tract 39.01, Multnomah County, Oregon","or","140","00","ACSSF","0001477",,,,,"41","051",,,,"003901",,,,,,,,,,,,,,,,,,,,,,,,,,,,,,,,,,,,,61671
"41051003902","14000US41051003902","Census Tract 39.02, Multnomah County, Oregon","Census Tract 39.02, Multnomah County, Oregon","or","140","00","ACSSF","0001478",,,,,"41","051",,,,"003902",,,,,,,,,,,,,,,,,,,,,,,,,,,,,,,,,,,,,85000
"41051004001","14000US41051004001","Census Tract 40.01, Multnomah County, Oregon","Census Tract 40.01, Multnomah County, Oregon","or","140","00","ACSSF","0001479",,,,,"41","051",,,,"004001",,,,,,,,,,,,,,,,,,,,,,,,,,,,,,,,,,,,,40670
"41051004002","14000US41051004002","Census Tract 40.02, Multnomah County, Oregon","Census Tract 40.02, Multnomah County, Oregon","or","140","00","ACSSF","0001480",,,,,"41","051",,,,"004002",,,,,,,,,,,,,,,,,,,,,,,,,,,,,,,,,,,,,88409
"41051004101","14000US41051004101","Census Tract 41.01, Multnomah County, Oregon","Census Tract 41.01, Multnomah County, Oregon","or","140","00","ACSSF","0001481",,,,,"41","051",,,,"004101",,,,,,,,,,,,,,,,,,,,,,,,,,,,,,,,,,,,,50079
"41051004102","14000US41051004102","Census Tract 41.02, Multnomah County, Oregon","Census Tract 41.02, Multnomah County, Oregon","or","140","00","ACSSF","0001482",,,,,"41","051",,,,"004102",,,,,,,,,,,,,,,,,,,,,,,,,,,,,,,,,,,,,49756
"41051004200","14000US41051004200","Census Tract 42, Multnomah County, Oregon","Census Tract 42, Multnomah County, Oregon","or","140","00","ACSSF","0001483",,,,,"41","051",,,,"004200",,,,,,,,,,,,,,,,,,,,,,,,,,,,,,,,,,,,,59406
"41051004300","14000US41051004300","Census Tract 43, Multnomah County, Oregon","Census Tract 43, Multnomah County, Oregon","or","140","00","ACSSF","0001484",,,,,"41","051",,,,"004300",,,,,,,,,,,,,,,,,,,,,,,,,,,,,,,,,,,,,101705
"41051004500","14000US41051004500","Census Tract 45, Multnomah County, Oregon","Census Tract 45, Multnomah County, Oregon","or","140","00","ACSSF","0001485",,,,,"41","051",,,,"004500",,,,,,,,,,,,,,,,,,,,,,,,,,,,,,,,,,,,,127045
"41051004601","14000US41051004601","Census Tract 46.01, Multnomah County, Oregon","Census Tract 46.01, Multnomah County, Oregon","or","140","00","ACSSF","0001486",,,,,"41","051",,,,"004601",,,,,,,,,,,,,,,,,,,,,,,,,,,,,,,,,,,,,197639
"41051004602","14000US41051004602","Census Tract 46.02, Multnomah County, Oregon","Census Tract 46.02, Multnomah County, Oregon","or","140","00","ACSSF","0001487",,,,,"41","051",,,,"004602",,,,,,,,,,,,,,,,,,,,,,,,,,,,,,,,,,,,,181500
"41051004700","14000US41051004700","Census Tract 47, Multnomah County, Oregon","Census Tract 47, Multnomah County, Oregon","or","140","00","ACSSF","0001488",,,,,"41","051",,,,"004700",,,,,,,,,,,,,,,,,,,,,,,,,,,,,,,,,,,,,143984
"41051004800","14000US41051004800","Census Tract 48, Multnomah County, Oregon","Census Tract 48, Multnomah County, Oregon","or","140","00","ACSSF","0001489",,,,,"41","051",,,,"004800",,,,,,,,,,,,,,,,,,,,,,,,,,,,,,,,,,,,,95735
"41051004900","14000US41051004900","Census Tract 49, Multnomah County, Oregon","Census Tract 49, Multnomah County, Oregon","or","140","00","ACSSF","0001490",,,,,"41","051",,,,"004900",,,,,,,,,,,,,,,,,,,,,,,,,,,,,,,,,,,,,88412
"41051005000","14000US41051005000","Census Tract 50, Multnomah County, Oregon","Census Tract 50, Multnomah County, Oregon","or","140","00","ACSSF","0001491",,,,,"41","051",,,,"005000",,,,,,,,,,,,,,,,,,,,,,,,,,,,,,,,,,,,,97434
"41051005100","14000US41051005100","Census Tract 51, Multnomah County, Oregon","Census Tract 51, Multnomah County, Oregon","or","140","00","ACSSF","0001492",,,,,"41","051",,,,"005100",,,,,,,,,,,,,,,,,,,,,,,,,,,,,,,,,,,,,106224
"41051005200","14000US41051005200","Census Tract 52, Multnomah County, Oregon","Census Tract 52, Multnomah County, Oregon","or","140","00","ACSSF","0001493",,,,,"41","051",,,,"005200",,,,,,,,,,,,,,,,,,,,,,,,,,,,,,,,,,,,,66797
"41051005500","14000US41051005500","Census Tract 55, Multnomah County, Oregon","Census Tract 55, Multnomah County, Oregon","or","140","00","ACSSF","0001494",,,,,"41","051",,,,"005500",,,,,,,,,,,,,,,,,,,,,,,,,,,,,,,,,,,,,104261
"41051005600","14000US41051005600","Census Tract 56, Multnomah County, Oregon","Census Tract 56, Multnomah County, Oregon","or","140","00","ACSSF","0001495",,,,,"41","051",,,,"005600",,,,,,,,,,,,,,,,,,,,,,,,,,,,,,,,,,,,,87750
"41051005700","14000US41051005700","Census Tract 57, Multnomah County, Oregon","Census Tract 57, Multnomah County, Oregon","or","140","00","ACSSF","0001496",,,,,"41","051",,,,"005700",,,,,,,,,,,,,,,,,,,,,,,,,,,,,,,,,,,,,97028
"41051005800","14000US41051005800","Census Tract 58, Multnomah County, Oregon","Census Tract 58, Multnomah County, Oregon","or","140","00","ACSSF","0001497",,,,,"41","051",,,,"005800",,,,,,,,,,,,,,,,,,,,,,,,,,,,,,,,,,,,,165598
"41051005900","14000US41051005900","Census Tract 59, Multnomah County, Oregon","Census Tract 59, Multnomah County, Oregon","or","140","00","ACSSF","0001498",,,,,"41","051",,,,"005900",,,,,,,,,,,,,,,,,,,,,,,,,,,,,,,,,,,,,104265
"41051006001","14000US41051006001","Census Tract 60.01, Multnomah County, Oregon","Census Tract 60.01, Multnomah County, Oregon","or","140","00","ACSSF","0001499",,,,,"41","051",,,,"006001",,,,,,,,,,,,,,,,,,,,,,,,,,,,,,,,,,,,,143875
"41051006002","14000US41051006002","Census Tract 60.02, Multnomah County, Oregon","Census Tract 60.02, Multnomah County, Oregon","or","140","00","ACSSF","0001500",,,,,"41","051",,,,"006002",,,,,,,,,,,,,,,,,,,,,,,,,,,,,,,,,,,,,116607
"41051006100","14000US41051006100","Census Tract 61, Multnomah County, Oregon","Census Tract 61, Multnomah County, Oregon","or","140","00","ACSSF","0001501",,,,,"41","051",,,,"006100",,,,,,,,,,,,,,,,,,,,,,,,,,,,,,,,,,,,,118438
"41051006200","14000US41051006200","Census Tract 62, Multnomah County, Oregon","Census Tract 62, Multnomah County, Oregon","or","140","00","ACSSF","0001502",,,,,"41","051",,,,"006200",,,,,,,,,,,,,,,,,,,,,,,,,,,,,,,,,,,,,100156
"41051006300","14000US41051006300","Census Tract 63, Multnomah County, Oregon","Census Tract 63, Multnomah County, Oregon","or","140","00","ACSSF","0001503",,,,,"41","051",,,,"006300",,,,,,,,,,,,,,,,,,,,,,,,,,,,,,,,,,,,,126146
"41051006402","14000US41051006402","Census Tract 64.02, Multnomah County, Oregon","Census Tract 64.02, Multnomah County, Oregon","or","140","00","ACSSF","0001504",,,,,"41","051",,,,"006402",,,,,,,,,,,,,,,,,,,,,,,,,,,,,,,,,,,,,124083
"41051006403","14000US41051006403","Census Tract 64.03, Multnomah County, Oregon","Census Tract 64.03, Multnomah County, Oregon","or","140","00","ACSSF","0001505",,,,,"41","051",,,,"006403",,,,,,,,,,,,,,,,,,,,,,,,,,,,,,,,,,,,,86705
"41051006404","14000US41051006404","Census Tract 64.04, Multnomah County, Oregon","Census Tract 64.04, Multnomah County, Oregon","or","140","00","ACSSF","0001506",,,,,"41","051",,,,"006404",,,,,,,,,,,,,,,,,,,,,,,,,,,,,,,,,,,,,104286
"41051006501","14000US41051006501","Census Tract 65.01, Multnomah County, Oregon","Census Tract 65.01, Multnomah County, Oregon","or","140","00","ACSSF","0001507",,,,,"41","051",,,,"006501",,,,,,,,,,,,,,,,,,,,,,,,,,,,,,,,,,,,,103531
"41051006502","14000US41051006502","Census Tract 65.02, Multnomah County, Oregon","Census Tract 65.02, Multnomah County, Oregon","or","140","00","ACSSF","0001508",,,,,"41","051",,,,"006502",,,,,,,,,,,,,,,,,,,,,,,,,,,,,,,,,,,,,76023
"41051006601","14000US41051006601","Census Tract 66.01, Multnomah County, Oregon","Census Tract 66.01, Multnomah County, Oregon","or","140","00","ACSSF","0001509",,,,,"41","051",,,,"006601",,,,,,,,,,,,,,,,,,,,,,,,,,,,,,,,,,,,,113264
"41051006602","14000US41051006602","Census Tract 66.02, Multnomah County, Oregon","Census Tract 66.02, Multnomah County, Oregon","or","140","00","ACSSF","0001510",,,,,"41","051",,,,"006602",,,,,,,,,,,,,,,,,,,,,,,,,,,,,,,,,,,,,67458
"41051006701","14000US41051006701","Census Tract 67.01, Multnomah County, Oregon","Census Tract 67.01, Multnomah County, Oregon","or","140","00","ACSSF","0001511",,,,,"41","051",,,,"006701",,,,,,,,,,,,,,,,,,,,,,,,,,,,,,,,,,,,,98836
"41051006702","14000US41051006702","Census Tract 67.02, Multnomah County, Oregon","Census Tract 67.02, Multnomah County, Oregon","or","140","00","ACSSF","0001512",,,,,"41","051",,,,"006702",,,,,,,,,,,,,,,,,,,,,,,,,,,,,,,,,,,,,73724
"41051006801","14000US41051006801","Census Tract 68.01, Multnomah County, Oregon","Census Tract 68.01, Multnomah County, Oregon","or","140","00","ACSSF","0001513",,,,,"41","051",,,,"006801",,,,,,,,,,,,,,,,,,,,,,,,,,,,,,,,,,,,,131838
"41051006802","14000US41051006802","Census Tract 68.02, Multnomah County, Oregon","Census Tract 68.02, Multnomah County, Oregon","or","140","00","ACSSF","0001514",,,,,"41","051",,,,"006802",,,,,,,,,,,,,,,,,,,,,,,,,,,,,,,,,,,,,124545
"41051006900","14000US41051006900","Census Tract 69, Multnomah County, Oregon","Census Tract 69, Multnomah County, Oregon","or","140","00","ACSSF","0001515",,,,,"41","051",,,,"006900",,,,,,,,,,,,,,,,,,,,,,,,,,,,,,,,,,,,,166316
"41051007000","14000US41051007000","Census Tract 70, Multnomah County, Oregon","Census Tract 70, Multnomah County, Oregon","or","140","00","ACSSF","0001516",,,,,"41","051",,,,"007000",,,,,,,,,,,,,,,,,,,,,,,,,,,,,,,,,,,,,184091
"41051007100","14000US41051007100","Census Tract 71, Multnomah County, Oregon","Census Tract 71, Multnomah County, Oregon","or","140","00","ACSSF","0001517",,,,,"41","051",,,,"007100",,,,,,,,,,,,,,,,,,,,,,,,,,,,,,,,,,,,,102292
"41051007201","14000US41051007201","Census Tract 72.01, Multnomah County, Oregon","Census Tract 72.01, Multnomah County, Oregon","or","140","00","ACSSF","0001518",,,,,"41","051",,,,"007201",,,,,,,,,,,,,,,,,,,,,,,,,,,,,,,,,,,,,86319
"41051007202","14000US41051007202","Census Tract 72.02, Multnomah County, Oregon","Census Tract 72.02, Multnomah County, Oregon","or","140","00","ACSSF","0001519",,,,,"41","051",,,,"007202",,,,,,,,,,,,,,,,,,,,,,,,,,,,,,,,,,,,,65400
"41051007300","14000US41051007300","Census Tract 73, Multnomah County, Oregon","Census Tract 73, Multnomah County, Oregon","or","140","00","ACSSF","0001520",,,,,"41","051",,,,"007300",,,,,,,,,,,,,,,,,,,,,,,,,,,,,,,,,,,,,39063
"41051007400","14000US41051007400","Census Tract 74, Multnomah County, Oregon","Census Tract 74, Multnomah County, Oregon","or","140","00","ACSSF","0001521",,,,,"41","051",,,,"007400",,,,,,,,,,,,,,,,,,,,,,,,,,,,,,,,,,,,,39833
"41051007500","14000US41051007500","Census Tract 75, Multnomah County, Oregon","Census Tract 75, Multnomah County, Oregon","or","140","00","ACSSF","0001522",,,,,"41","051",,,,"007500",,,,,,,,,,,,,,,,,,,,,,,,,,,,,,,,,,,,,54931
"41051007600","14000US41051007600","Census Tract 76, Multnomah County, Oregon","Census Tract 76, Multnomah County, Oregon","or","140","00","ACSSF","0001523",,,,,"41","051",,,,"007600",,,,,,,,,,,,,,,,,,,,,,,,,,,,,,,,,,,,,39759
"41051007700","14000US41051007700","Census Tract 77, Multnomah County, Oregon","Census Tract 77, Multnomah County, Oregon","or","140","00","ACSSF","0001524",,,,,"41","051",,,,"007700",,,,,,,,,,,,,,,,,,,,,,,,,,,,,,,,,,,,,55526
"41051007800","14000US41051007800","Census Tract 78, Multnomah County, Oregon","Census Tract 78, Multnomah County, Oregon","or","140","00","ACSSF","0001525",,,,,"41","051",,,,"007800",,,,,,,,,,,,,,,,,,,,,,,,,,,,,,,,,,,,,58375
"41051007900","14000US41051007900","Census Tract 79, Multnomah County, Oregon","Census Tract 79, Multnomah County, Oregon","or","140","00","ACSSF","0001526",,,,,"41","051",,,,"007900",,,,,,,,,,,,,,,,,,,,,,,,,,,,,,,,,,,,,53810
"41051008001","14000US41051008001","Census Tract 80.01, Multnomah County, Oregon","Census Tract 80.01, Multnomah County, Oregon","or","140","00","ACSSF","0001527",,,,,"41","051",,,,"008001",,,,,,,,,,,,,,,,,,,,,,,,,,,,,,,,,,,,,59868
"41051008002","14000US41051008002","Census Tract 80.02, Multnomah County, Oregon","Census Tract 80.02, Multnomah County, Oregon","or","140","00","ACSSF","0001528",,,,,"41","051",,,,"008002",,,,,,,,,,,,,,,,,,,,,,,,,,,,,,,,,,,,,64514
"41051008100","14000US41051008100","Census Tract 81, Multnomah County, Oregon","Census Tract 81, Multnomah County, Oregon","or","140","00","ACSSF","0001529",,,,,"41","051",,,,"008100",,,,,,,,,,,,,,,,,,,,,,,,,,,,,,,,,,,,,43244
"41051008201","14000US41051008201","Census Tract 82.01, Multnomah County, Oregon","Census Tract 82.01, Multnomah County, Oregon","or","140","00","ACSSF","0001530",,,,,"41","051",,,,"008201",,,,,,,,,,,,,,,,,,,,,,,,,,,,,,,,,,,,,49598
"41051008202","14000US41051008202","Census Tract 82.02, Multnomah County, Oregon","Census Tract 82.02, Multnomah County, Oregon","or","140","00","ACSSF","0001531",,,,,"41","051",,,,"008202",,,,,,,,,,,,,,,,,,,,,,,,,,,,,,,,,,,,,48750
"41051008301","14000US41051008301","Census Tract 83.01, Multnomah County, Oregon","Census Tract 83.01, Multnomah County, Oregon","or","140","00","ACSSF","0001532",,,,,"41","051",,,,"008301",,,,,,,,,,,,,,,,,,,,,,,,,,,,,,,,,,,,,28352
"41051008302","14000US41051008302","Census Tract 83.02, Multnomah County, Oregon","Census Tract 83.02, Multnomah County, Oregon","or","140","00","ACSSF","0001533",,,,,"41","051",,,,"008302",,,,,,,,,,,,,,,,,,,,,,,,,,,,,,,,,,,,,38750
"41051008400","14000US41051008400","Census Tract 84, Multnomah County, Oregon","Census Tract 84, Multnomah County, Oregon","or","140","00","ACSSF","0001534",,,,,"41","051",,,,"008400",,,,,,,,,,,,,,,,,,,,,,,,,,,,,,,,,,,,,39234
"41051008500","14000US41051008500","Census Tract 85, Multnomah County, Oregon","Census Tract 85, Multnomah County, Oregon","or","140","00","ACSSF","0001535",,,,,"41","051",,,,"008500",,,,,,,,,,,,,,,,,,,,,,,,,,,,,,,,,,,,,50818
"41051008600","14000US41051008600","Census Tract 86, Multnomah County, Oregon","Census Tract 86, Multnomah County, Oregon","or","140","00","ACSSF","0001536",,,,,"41","051",,,,"008600",,,,,,,,,,,,,,,,,,,,,,,,,,,,,,,,,,,,,43884
"41051008700","14000US41051008700","Census Tract 87, Multnomah County, Oregon","Census Tract 87, Multnomah County, Oregon","or","140","00","ACSSF","0001537",,,,,"41","051",,,,"008700",,,,,,,,,,,,,,,,,,,,,,,,,,,,,,,,,,,,,55898
"41051008800","14000US41051008800","Census Tract 88, Multnomah County, Oregon","Census Tract 88, Multnomah County, Oregon","or","140","00","ACSSF","0001538",,,,,"41","051",,,,"008800",,,,,,,,,,,,,,,,,,,,,,,,,,,,,,,,,,,,,64803
"41051008901","14000US41051008901","Census Tract 89.01, Multnomah County, Oregon","Census Tract 89.01, Multnomah County, Oregon","or","140","00","ACSSF","0001539",,,,,"41","051",,,,"008901",,,,,,,,,,,,,,,,,,,,,,,,,,,,,,,,,,,,,73526
"41051008902","14000US41051008902","Census Tract 89.02, Multnomah County, Oregon","Census Tract 89.02, Multnomah County, Oregon","or","140","00","ACSSF","0001540",,,,,"41","051",,,,"008902",,,,,,,,,,,,,,,,,,,,,,,,,,,,,,,,,,,,,56500
"41051009000","14000US41051009000","Census Tract 90, Multnomah County, Oregon","Census Tract 90, Multnomah County, Oregon","or","140","00","ACSSF","0001541",,,,,"41","051",,,,"009000",,,,,,,,,,,,,,,,,,,,,,,,,,,,,,,,,,,,,37441
"41051009101","14000US41051009101","Census Tract 91.01, Multnomah County, Oregon","Census Tract 91.01, Multnomah County, Oregon","or","140","00","ACSSF","0001542",,,,,"41","051",,,,"009101",,,,,,,,,,,,,,,,,,,,,,,,,,,,,,,,,,,,,37786
"41051009102","14000US41051009102","Census Tract 91.02, Multnomah County, Oregon","Census Tract 91.02, Multnomah County, Oregon","or","140","00","ACSSF","0001543",,,,,"41","051",,,,"009102",,,,,,,,,,,,,,,,,,,,,,,,,,,,,,,,,,,,,55547
"41051009201","14000US41051009201","Census Tract 92.01, Multnomah County, Oregon","Census Tract 92.01, Multnomah County, Oregon","or","140","00","ACSSF","0001544",,,,,"41","051",,,,"009201",,,,,,,,,,,,,,,,,,,,,,,,,,,,,,,,,,,,,45915
"41051009202","14000US41051009202","Census Tract 92.02, Multnomah County, Oregon","Census Tract 92.02, Multnomah County, Oregon","or","140","00","ACSSF","0001545",,,,,"41","051",,,,"009202",,,,,,,,,,,,,,,,,,,,,,,,,,,,,,,,,,,,,47455
"41051009301","14000US41051009301","Census Tract 93.01, Multnomah County, Oregon","Census Tract 93.01, Multnomah County, Oregon","or","140","00","ACSSF","0001546",,,,,"41","051",,,,"009301",,,,,,,,,,,,,,,,,,,,,,,,,,,,,,,,,,,,,53912
"41051009302","14000US41051009302","Census Tract 93.02, Multnomah County, Oregon","Census Tract 93.02, Multnomah County, Oregon","or","140","00","ACSSF","0001547",,,,,"41","051",,,,"009302",,,,,,,,,,,,,,,,,,,,,,,,,,,,,,,,,,,,,70625
"41051009400","14000US41051009400","Census Tract 94, Multnomah County, Oregon","Census Tract 94, Multnomah County, Oregon","or","140","00","ACSSF","0001548",,,,,"41","051",,,,"009400",,,,,,,,,,,,,,,,,,,,,,,,,,,,,,,,,,,,,67813
"41051009501","14000US41051009501","Census Tract 95.01, Multnomah County, Oregon","Census Tract 95.01, Multnomah County, Oregon","or","140","00","ACSSF","0001549",,,,,"41","051",,,,"009501",,,,,,,,,,,,,,,,,,,,,,,,,,,,,,,,,,,,,56500
"41051009502","14000US41051009502","Census Tract 95.02, Multnomah County, Oregon","Census Tract 95.02, Multnomah County, Oregon","or","140","00","ACSSF","0001550",,,,,"41","051",,,,"009502",,,,,,,,,,,,,,,,,,,,,,,,,,,,,,,,,,,,,63636
"41051009603","14000US41051009603","Census Tract 96.03, Multnomah County, Oregon","Census Tract 96.03, Multnomah County, Oregon","or","140","00","ACSSF","0001551",,,,,"41","051",,,,"009603",,,,,,,,,,,,,,,,,,,,,,,,,,,,,,,,,,,,,57000
"41051009604","14000US41051009604","Census Tract 96.04, Multnomah County, Oregon","Census Tract 96.04, Multnomah County, Oregon","or","140","00","ACSSF","0001552",,,,,"41","051",,,,"009604",,,,,,,,,,,,,,,,,,,,,,,,,,,,,,,,,,,,,29591
"41051009605","14000US41051009605","Census Tract 96.05, Multnomah County, Oregon","Census Tract 96.05, Multnomah County, Oregon","or","140","00","ACSSF","0001553",,,,,"41","051",,,,"009605",,,,,,,,,,,,,,,,,,,,,,,,,,,,,,,,,,,,,37899
"41051009606","14000US41051009606","Census Tract 96.06, Multnomah County, Oregon","Census Tract 96.06, Multnomah County, Oregon","or","140","00","ACSSF","0001554",,,,,"41","051",,,,"009606",,,,,,,,,,,,,,,,,,,,,,,,,,,,,,,,,,,,,43326
"41051009701","14000US41051009701","Census Tract 97.01, Multnomah County, Oregon","Census Tract 97.01, Multnomah County, Oregon","or","140","00","ACSSF","0001555",,,,,"41","051",,,,"009701",,,,,,,,,,,,,,,,,,,,,,,,,,,,,,,,,,,,,46570
"41051009702","14000US41051009702","Census Tract 97.02, Multnomah County, Oregon","Census Tract 97.02, Multnomah County, Oregon","or","140","00","ACSSF","0001556",,,,,"41","051",,,,"009702",,,,,,,,,,,,,,,,,,,,,,,,,,,,,,,,,,,,,42733
"41051009801","14000US41051009801","Census Tract 98.01, Multnomah County, Oregon","Census Tract 98.01, Multnomah County, Oregon","or","140","00","ACSSF","0001557",,,,,"41","051",,,,"009801",,,,,,,,,,,,,,,,,,,,,,,,,,,,,,,,,,,,,30167
"41051009803","14000US41051009803","Census Tract 98.03, Multnomah County, Oregon","Census Tract 98.03, Multnomah County, Oregon","or","140","00","ACSSF","0001558",,,,,"41","051",,,,"009803",,,,,,,,,,,,,,,,,,,,,,,,,,,,,,,,,,,,,45828
"41051009804","14000US41051009804","Census Tract 98.04, Multnomah County, Oregon","Census Tract 98.04, Multnomah County, Oregon","or","140","00","ACSSF","0001559",,,,,"41","051",,,,"009804",,,,,,,,,,,,,,,,,,,,,,,,,,,,,,,,,,,,,51318
"41051009903","14000US41051009903","Census Tract 99.03, Multnomah County, Oregon","Census Tract 99.03, Multnomah County, Oregon","or","140","00","ACSSF","0001560",,,,,"41","051",,,,"009903",,,,,,,,,,,,,,,,,,,,,,,,,,,,,,,,,,,,,87006
"41051009904","14000US41051009904","Census Tract 99.04, Multnomah County, Oregon","Census Tract 99.04, Multnomah County, Oregon","or","140","00","ACSSF","0001561",,,,,"41","051",,,,"009904",,,,,,,,,,,,,,,,,,,,,,,,,,,,,,,,,,,,,65417
"41051009905","14000US41051009905","Census Tract 99.05, Multnomah County, Oregon","Census Tract 99.05, Multnomah County, Oregon","or","140","00","ACSSF","0001562",,,,,"41","051",,,,"009905",,,,,,,,,,,,,,,,,,,,,,,,,,,,,,,,,,,,,68207
"41051009906","14000US41051009906","Census Tract 99.06, Multnomah County, Oregon","Census Tract 99.06, Multnomah County, Oregon","or","140","00","ACSSF","0001563",,,,,"41","051",,,,"009906",,,,,,,,,,,,,,,,,,,,,,,,,,,,,,,,,,,,,88346
"41051009907","14000US41051009907","Census Tract 99.07, Multnomah County, Oregon","Census Tract 99.07, Multnomah County, Oregon","or","140","00","ACSSF","0001564",,,,,"41","051",,,,"009907",,,,,,,,,,,,,,,,,,,,,,,,,,,,,,,,,,,,,72037
"41051010001","14000US41051010001","Census Tract 100.01, Multnomah County, Oregon","Census Tract 100.01, Multnomah County, Oregon","or","140","00","ACSSF","0001565",,,,,"41","051",,,,"010001",,,,,,,,,,,,,,,,,,,,,,,,,,,,,,,,,,,,,44583
"41051010002","14000US41051010002","Census Tract 100.02, Multnomah County, Oregon","Census Tract 100.02, Multnomah County, Oregon","or","140","00","ACSSF","0001566",,,,,"41","051",,,,"010002",,,,,,,,,,,,,,,,,,,,,,,,,,,,,,,,,,,,,57635
"41051010100","14000US41051010100","Census Tract 101, Multnomah County, Oregon","Census Tract 101, Multnomah County, Oregon","or","140","00","ACSSF","0001567",,,,,"41","051",,,,"010100",,,,,,,,,,,,,,,,,,,,,,,,,,,,,,,,,,,,,52452
"41051010200","14000US41051010200","Census Tract 102, Multnomah County, Oregon","Census Tract 102, Multnomah County, Oregon","or","140","00","ACSSF","0001568",,,,,"41","051",,,,"010200",,,,,,,,,,,,,,,,,,,,,,,,,,,,,,,,,,,,,60304
"41051010303","14000US41051010303","Census Tract 103.03, Multnomah County, Oregon","Census Tract 103.03, Multnomah County, Oregon","or","140","00","ACSSF","0001569",,,,,"41","051",,,,"010303",,,,,,,,,,,,,,,,,,,,,,,,,,,,,,,,,,,,,62393
"41051010304","14000US41051010304","Census Tract 103.04, Multnomah County, Oregon","Census Tract 103.04, Multnomah County, Oregon","or","140","00","ACSSF","0001570",,,,,"41","051",,,,"010304",,,,,,,,,,,,,,,,,,,,,,,,,,,,,,,,,,,,,40363
"41051010305","14000US41051010305","Census Tract 103.05, Multnomah County, Oregon","Census Tract 103.05, Multnomah County, Oregon","or","140","00","ACSSF","0001571",,,,,"41","051",,,,"010305",,,,,,,,,,,,,,,,,,,,,,,,,,,,,,,,,,,,,72230
"41051010306","14000US41051010306","Census Tract 103.06, Multnomah County, Oregon","Census Tract 103.06, Multnomah County, Oregon","or","140","00","ACSSF","0001572",,,,,"41","051",,,,"010306",,,,,,,,,,,,,,,,,,,,,,,,,,,,,,,,,,,,,67453
"41051010402","14000US41051010402","Census Tract 104.02, Multnomah County, Oregon","Census Tract 104.02, Multnomah County, Oregon","or","140","00","ACSSF","0001573",,,,,"41","051",,,,"010402",,,,,,,,,,,,,,,,,,,,,,,,,,,,,,,,,,,,,84191
"41051010405","14000US41051010405","Census Tract 104.05, Multnomah County, Oregon","Census Tract 104.05, Multnomah County, Oregon","or","140","00","ACSSF","0001574",,,,,"41","051",,,,"010405",,,,,,,,,,,,,,,,,,,,,,,,,,,,,,,,,,,,,55041
"41051010407","14000US41051010407","Census Tract 104.07, Multnomah County, Oregon","Census Tract 104.07, Multnomah County, Oregon","or","140","00","ACSSF","0001575",,,,,"41","051",,,,"010407",,,,,,,,,,,,,,,,,,,,,,,,,,,,,,,,,,,,,71071
"41051010408","14000US41051010408","Census Tract 104.08, Multnomah County, Oregon","Census Tract 104.08, Multnomah County, Oregon","or","140","00","ACSSF","0001576",,,,,"41","051",,,,"010408",,,,,,,,,,,,,,,,,,,,,,,,,,,,,,,,,,,,,60921
"41051010409","14000US41051010409","Census Tract 104.09, Multnomah County, Oregon","Census Tract 104.09, Multnomah County, Oregon","or","140","00","ACSSF","0001577",,,,,"41","051",,,,"010409",,,,,,,,,,,,,,,,,,,,,,,,,,,,,,,,,,,,,76684
"41051010410","14000US41051010410","Census Tract 104.10, Multnomah County, Oregon","Census Tract 104.10, Multnomah County, Oregon","or","140","00","ACSSF","0001578",,,,,"41","051",,,,"010410",,,,,,,,,,,,,,,,,,,,,,,,,,,,,,,,,,,,,49811
"41051010411","14000US41051010411","Census Tract 104.11, Multnomah County, Oregon","Census Tract 104.11, Multnomah County, Oregon","or","140","00","ACSSF","0001579",,,,,"41","051",,,,"010411",,,,,,,,,,,,,,,,,,,,,,,,,,,,,,,,,,,,,49091
"41051010500","14000US41051010500","Census Tract 105, Multnomah County, Oregon","Census Tract 105, Multnomah County, Oregon","or","140","00","ACSSF","0001580",,,,,"41","051",,,,"010500",,,,,,,,,,,,,,,,,,,,,,,,,,,,,,,,,,,,,80610
"41051010600","14000US41051010600","Census Tract 106, Multnomah County, Oregon","Census Tract 106, Multnomah County, Oregon","or","140","00","ACSSF","0001581",,,,,"41","051",,,,"010600",,,,,,,,,,,,,,,,,,,,,,,,,,,,,,,,,,,,,55590
"41051980000","14000US41051980000","Census Tract 9800, Multnomah County, Oregon","Census Tract 9800, Multnomah County, Oregon","or","140","00","ACSSF","0001582",,,,,"41","051",,,,"980000",,,,,,,,,,,,,,,,,,,,,,,,,,,,,,,,,,,,,0
